<?xml version="1.0" encoding="UTF-8"?>
<!DOCTYPE hibernate-configuration PUBLIC "-//Hibernate/Hibernate Configuration DTD 3.0//EN" "http://hibernate.sourceforge.net/hibernate-configuration-3.0.dtd">
<hibernate-configuration>
  <session-factory>
    <property name="hibernate.connection.driver_class">com.microsoft.sqlserver.jdbc.SQLServerDriver</property>
    <property name="hibernate.connection.url">jdbc:sqlserver://192.168.101.143:1440;databaseName=SAA</property>
    <property name="hibernate.connection.username">ETL74</property>
    <property name="hibernate.connection.password">Taher@7$</property>
    <mapping class="com.eprocure.smraen.eAuction.model1.TblUserMaster"/>
    <mapping class="com.eprocure.smraen.eAuction.model1.TblReportSearchColumnDetail"/>
  </session-factory>
</hibernate-configuration>
