<?xml version="1.0" encoding="UTF-8"?>
<!DOCTYPE hibernate-reverse-engineering PUBLIC "-//Hibernate/Hibernate Reverse Engineering DTD 3.0//EN" "http://hibernate.sourceforge.net/hibernate-reverse-engineering-3.0.dtd">
<hibernate-reverse-engineering>
  <schema-selection match-catalog="SAA" match-schema="dbo"/>
  <table-filter match-name="tbl_BuyerKeyRndConfirmationDtl"/>
  <table-filter match-name="tbl_HintQuestionMaster"/>
  <table-filter match-name="tbl_ServiceAreaMaster"/>
  <table-filter match-name="Tbl_ReportSearchColumnDetail"/>
  <table-filter match-name="tbl_AuctionUserMapping"/>
  <table-filter match-name="tbl_UserExtensionDtl"/>
  <table-filter match-name="tbl_SrvAreaWiseSpectrum"/>
  <table-filter match-name="tbl_BidderRndConfSignMaster"/>
  <table-filter match-name="tbl_BidderKeyRndConfirmationDtl"/>
  <table-filter match-name="tbl_DocumentMaster"/>
  <table-filter match-name="tbl_StateMaster"/>
  <table-filter match-name="tbl_MapBuyerPK"/>
  <table-filter match-name="tbl_BidRanks"/>
  <table-filter match-name="tbl_UserRoles"/>
  <table-filter match-name="tbl_UserMaster"/>
  <table-filter match-name="tbl_EmdDepVsEliPoint"/>
  <table-filter match-name="tbl_CountryMaster"/>
  <table-filter match-name="tbl_CertificateMaster"/>
  <table-filter match-name="tbl_AuctionServiceArea"/>
  <table-filter match-name="tbl_CompanyMaster"/>
  <table-filter match-name="tbl_DemandIncPercentage"/>
  <table-filter match-name="tbl_BidDetail"/>
  <table-filter match-name="tbl_MarqueeMaster"/>
  <table-filter match-name="tbl_SpectrumMaster"/>
  <table-filter match-name="tbl_UserExtHistory"/>
  <table-filter match-name="Tbl_TopupDetail"/>
  <table-filter match-name="tbl_CatagoryMaster"/>
  <table-filter match-name="tbl_ReportMst"/>
  <table-filter match-name="tbl_RndConfirmationDtl"/>
  <table-filter match-name="tbl_AuctionMaster"/>
  <table-filter match-name="tbl_CatagoryMaxIncCap"/>
  <table-filter match-name="tbl_ReportLinkDetail"/>
  <table-filter match-name="tbl_SpectrumAllocation"/>
  <table-filter match-name="tbl_UserEmdDtl"/>
  <table-filter match-name="tbl_ARRPercentage"/>
  <table-filter match-name="tbl_UserTypeMaster"/>
  <table-filter match-name="tbl_UserEmdDtlHistory"/>
  <table-filter match-name="tbl_RoundMaster"/>
  <table-filter match-name="tbl_ReportDetail"/>
  <table-filter match-name="tbl_BuyerRndConfSignMaster"/>
  <table-filter match-name="tbl_SessionMaster"/>
  <table-filter match-name="tbl_RoundInfo"/>
  <table-filter match-name="tbl_ErrorLogDetails"/>
  <table-filter match-name="tbl_RoundRP"/>
</hibernate-reverse-engineering>
